{"cameraMode":{"drawMode":0,"name":"Shaded","section":"Shading Mode"},"sceneLighting":false,"audioPlay":false,"sceneViewState":{"showFog":true,"showMaterialUpdate":false,"showSkybox":true,"showFlares":true,"showImageEffects":true,"showParticleSystems":true},"in2DMode":false,"pivot":{"x":-8.704000473022461,"y":2.046579360961914,"z":5.705622673034668},"rotation":{"x":0.014671373181045056,"y":0.9843559861183167,"z":-0.14424395561218263,"w":0.10015632212162018},"size":1.4754079580307007,"orthographic":false}