{"cameraMode":{"drawMode":0,"name":"Shaded","section":"Shading Mode"},"sceneLighting":false,"audioPlay":false,"sceneViewState":{"showFog":true,"showMaterialUpdate":false,"showSkybox":true,"showFlares":true,"showImageEffects":true,"showParticleSystems":true},"in2DMode":false,"pivot":{"x":-2.016606092453003,"y":0.6956354379653931,"z":0.14458811283111573},"rotation":{"x":0.07018736749887467,"y":0.9296223521232605,"z":-0.2456187754869461,"w":0.26566416025161745},"size":3.895132541656494,"orthographic":false}